,year,discharge_rate,row
0,2009.0,39.37664726089537,0
1,2010.0,35.46688852183144,2
2,2011.0,34.880284327239394,4
3,2012.0,34.85564226138076,6
4,2013.0,34.676887433835205,8
5,2014.0,34.14200216058188,10
6,2015.0,31.670438129910906,12
7,2016.0,31.280427526465576,14
8,2017.0,30.8445640426142,16
9,2018.0,36.7645914324786,18
10,2019.0,38.438394869405165,20
